Mutation	found_in_MAVISp
L272W	yes
F274C	yes
F274S	yes
I276N	yes
I293T	yes
I296T	yes
Y298C	yes
N309D	yes
I317S	yes
F320C	yes
F320S	yes
E340G	yes
L343P	yes
W347C	yes
F348S	yes
T361I	yes
N363D	yes
N363I	yes
D368G	yes
D368V	yes
R375G	yes
R375P	yes
A376E	yes
A376P	yes
A399P	yes
C407F	yes
C407W	yes
A428P	yes
A430P	yes
L432P	yes
L439P	yes
P441L	yes
L455P	yes
A456P	yes
T457P	yes
Y467S	yes
Y468S	yes
L469P	yes
Y470C	yes
L493P	yes
G496C	yes
G496V	yes
S497P	yes
G498C	yes
G498R	yes
G498S	yes
T499A	yes
T499I	yes
T538I	yes
Y623C	yes
H624P	yes
L636P	yes
R672K	yes
E674K	yes
R762P	yes
R765P	yes
F815S	yes
Y816N	yes
G817V	yes
M820T	yes
R821C	yes
R821H	yes
R821L	yes
R821S	yes
G823A	yes
V835D	yes
T844P	yes
L859P	yes
G863R	yes
W865R	yes
I929N	yes
F931S	yes
G935E	yes
G935R	yes
Y937C	yes
Y937S	yes
Y956C	yes
R975C	yes
R975H	yes
R975S	yes
Y1046H	yes
T1052R	yes
T1090M	yes
T1090R	yes
Y1132C	yes
R1136W	yes
K1143R	yes
I1183N	yes
L1186P	yes
H1820P	yes
R1826P	yes
F2138L	yes
W2185C	yes
W2185R	yes
W2185S	yes
L2216P	yes
W2276C	yes
