"Mutation","PP3_BP4","PM1_like"
"D268E","BP4","False"
"V270M","BP4","False"
"V271I","BP4","False"
"A288P","BP4","False"
"A288T","BP4","False"
"A288V","BP4","False"
"T290I","BP4","False"
"I293V","BP4","False"
"M294I","BP4","False"
"I296M","BP4","False"
"I296V","BP4","False"
"I300M","BP4","False"
"I300V","BP4","False"
"G302S","BP4","False"
"Q303H","BP4","False"
"Q303R","BP4","False"
"T308I","BP4","False"
"I312V","BP4","False"
"V313I","BP4","False"
"S314A","BP4","False"
"E315G","BP4","False"
"E318K","BP4","False"
"E318Q","BP4","False"
"D319N","BP4","False"
"K325R","BP4","False"
"P326A","BP4","False"
"P326L","BP4","False"
"P326S","BP4","False"
"Y328F","BP4","False"
"P331A","BP4","False"
"P331L","BP4","False"
"P331S","BP4","False"
"C333F","BP4","False"
"C333Y","BP4","False"
"V334I","BP4","False"
"F335I","BP4","False"
"N336S","BP4","False"
"P338A","BP4","False"
"P338L","BP4","False"
"P338S","BP4","False"
"P338T","BP4","False"
"D339N","BP4","False"
"A341D","BP4","False"
"A341P","BP4","False"
"A341S","BP4","False"
"A341T","BP4","False"
"H342L","BP4","False"
"H342R","BP4","False"
"H342Y","BP4","False"
"Q345H","BP4","False"
"Q345R","BP4","False"
"R346K","BP4","False"
"E349D","BP4","False"
"E349G","BP4","False"
"V351F","BP4","False"
"V351I","BP4","False"
"Q352E","BP4","False"
"E353A","BP4","False"
"E353D","BP4","False"
"E353K","BP4","False"
"T354I","BP4","False"
"K355R","BP4","False"
"T357A","BP4","False"
"T357I","BP4","False"
"M359I","BP4","False"
"M359L","BP4","False"
"M359T","BP4","False"
"M359V","BP4","False"
"F366C","BP4","False"
"V372L","BP4","False"
"E373D","BP4","False"
"A374T","BP4","False"
"A374V","BP4","False"
"A377T","BP4","False"
"A377V","BP4","False"
"V378G","BP4","False"
"V378I","BP4","False"
"H379R","BP4","False"
"H379Y","BP4","False"
"G380S","BP4","False"
"S382C","BP4","False"
"S382N","BP4","False"
"S382T","BP4","False"
"M383L","BP4","False"
"M383V","BP4","False"
"Q384E","BP4","False"
"Q384L","BP4","False"
"Q384R","BP4","False"
"Q385R","BP4","False"
"I387M","BP4","False"
"I387T","BP4","False"
"Q390R","BP4","False"
"D392G","BP4","False"
"D392N","BP4","False"
"S393G","BP4","False"
"S393N","BP4","False"
"G395E","BP4","False"
"K398Q","BP4","False"
"K398R","BP4","False"
"P400S","BP4","False"
"Q401H","BP4","False"
"Q401K","BP4","False"
"Q401L","BP4","False"
"Q401P","BP4","False"
"I403L","BP4","False"
"I403T","BP4","False"
"I403V","BP4","False"
"M405L","BP4","False"
"L408F","BP4","False"
"R409S","BP4","False"
"K412R","BP4","False"
"V419M","BP4","False"
"H422Q","BP4","True"
"H422R","BP4","True"
"N423S","BP4","True"
"A427V","BP4","False"
"A428T","BP4","False"
"A430S","BP4","False"
"G433C","BP4","False"
"G433S","BP4","False"
"D435N","BP4","False"
"V437L","BP4","False"
"L439V","BP4","False"
"D443N","BP4","False"
"R446L","BP4","False"
"R446Q","BP4","False"
"M447L","BP4","False"
"T449A","BP4","False"
"T449M","BP4","False"
"Q453E","BP4","False"
"Q453R","BP4","False"
"T454A","BP4","False"
"T454I","BP4","False"
"A456S","BP4","False"
"T457A","BP4","False"
"T457M","BP4","False"
"A465S","BP4","False"
"M471L","BP4","False"
"R306C","BP4","False"
"R306H","BP4","False"
"I307M","BP4","False"
"L310F","BP4","False"
"L310V","BP4","False"
"V312L","BP4","False"
"A320S","BP4","False"
"K323R","BP4","False"
"I325V","BP4","False"
"E328D","BP4","False"
"E330A","BP4","False"
"E330G","BP4","False"
"E330Q","BP4","False"
"R331P","BP4","False"
"R331Q","BP4","False"
"R331W","BP4","False"
"P333S","BP4","False"
"C338G","BP4","False"
"S339A","BP4","False"
"G341V","BP4","False"
"R343C","BP4","False"
"R343H","BP4","False"
"W344L","BP4","False"
"E346D","BP4","False"
"E346K","BP4","False"
"E346Q","BP4","False"
"P347L","BP4","False"
"P347S","BP4","False"
"E348D","BP4","False"
"L351V","BP4","False"
"L353M","BP4","False"
"L355F","BP4","False"
"R358G","BP4","False"
"R358L","BP4","False"
"R358Q","BP4","False"
"R358W","BP4","False"
"P359R","BP4","False"
"P359S","BP4","False"
"A361S","BP4","False"
"A361T","BP4","False"
"P362S","BP4","False"
"I363V","BP4","False"
"L364P","BP4","False"
"L364R","BP4","False"
"A366V","BP4","False"
"K367E","BP4","False"
"K367N","BP4","False"
"K367R","BP4","False"
"K367T","BP4","False"
"Q369H","BP4","False"
"S370C","BP4","False"
"Y371C","BP4","False"
"Y371H","BP4","False"
"E372G","BP4","False"
"E372K","BP4","False"
"K373E","BP4","False"
"K373M","BP4","False"
"K373N","BP4","False"
"K373R","BP4","False"
"E375G","BP4","False"
"E375K","BP4","False"
"E375Q","BP4","False"
"D376E","BP4","False"
"D376G","BP4","False"
"D376N","BP4","False"
"L377V","BP4","False"
"Q379H","BP4","False"
"Q379R","BP4","False"
"A380V","BP4","False"
"T383A","BP4","False"
"T383I","BP4","False"
"I385L","BP4","False"
"I385M","BP4","False"
"I385V","BP4","False"
"R386C","BP4","False"
"R386H","BP4","False"
"R386L","BP4","False"
"I387F","BP4","False"
"I387T","BP4","False"
"M388L","BP4","False"
"M388T","BP4","False"
"M388V","BP4","False"
"V392L","BP4","False"
"V392M","BP4","False"
"I393L","BP4","False"
"I393V","BP4","False"
"Q399E","BP4","False"
"Q399R","BP4","False"
"L403I","BP4","False"
"I407M","BP4","False"
"I407V","BP4","False"
"S408C","BP4","False"
"S408F","BP4","False"
"S408Y","BP4","False"
"Q411E","BP4","False"
"Q411H","BP4","False"
"Q411R","BP4","False"
"T412A","BP4","False"
"T412I","BP4","False"
"K414E","BP4","False"
"K414R","BP4","False"
"V415A","BP4","False"
"V415I","BP4","False"
"Q416E","BP4","False"
"T417I","BP4","False"
"T417R","BP4","False"
"P419R","BP4","False"
"F420L","BP4","False"
"V424L","BP4","False"
"V424M","BP4","False"
"A425G","BP4","False"
"A425S","BP4","False"
"A425T","BP4","False"
"G426A","BP4","False"
"G426S","BP4","False"
"C428F","BP4","False"
"C428S","BP4","False"
"S429C","BP4","False"
"N430D","BP4","False"
"N430S","BP4","False"
"N430Y","BP4","False"
"I431F","BP4","False"
"I431V","BP4","False"
"R432Q","BP4","False"
"D433A","BP4","False"
"D433E","BP4","False"
"D433N","BP4","False"
"S434A","BP4","False"
"S434C","BP4","False"
"S434F","BP4","False"
"S435L","BP4","False"
"F436V","BP4","True"
"K439R","BP4","False"
"T441A","BP4","False"
"T441M","BP4","False"
"T441R","BP4","False"
"T441S","BP4","False"
"R443Q","BP4","False"
"D445N","BP4","False"
"K447R","BP4","False"
"V448A","BP4","False"
"V448I","BP4","False"
"V449I","BP4","False"
"S450C","BP4","False"
"S450N","BP4","False"
"M451I","BP4","False"
"M451L","BP4","False"
"M451T","BP4","False"
"M451V","BP4","False"
"V452A","BP4","False"
"V452E","BP4","False"
"V452L","BP4","False"
"V452M","BP4","False"
"V455L","BP4","False"
"M457I","BP4","False"
"M457L","BP4","False"
"M459I","BP4","False"
"M459L","BP4","False"
"M459V","BP4","False"
"Q461L","BP4","False"
"E466D","BP4","False"
"K468R","BP4","False"
"F479Y","BP4","False"
"H480Y","BP4","False"
"H491Y","BP4","False"
"S492G","BP4","False"
"T495S","BP4","False"
"N499S","BP4","False"
"N501S","BP4","False"
"D502E","BP4","False"
"D502N","BP4","False"
"Q503E","BP4","False"
"Y517C","BP4","False"
"Y517H","BP4","False"
"R521Q","BP4","False"
"R525Q","BP4","False"
"V528G","BP4","True"
"V528L","BP4","False"
"V528M","BP4","False"
"L529V","BP4","False"
"N531S","BP4","False"
"A532D","BP4","False"
"A532T","BP4","False"
"V533L","BP4","False"
"V533M","BP4","False"
